BioSample_s	SAMN00810012	SAMN00810013	SAMN00810014	SAMN00810015	SAMN00810016	SAMN00810017	SAMN00810018	SAMN00810019	SAMN00810020	SAMN00810021	SAMN00810022	SAMN00810023	SAMN00810024	SAMN00810025	SAMN00810026	SAMN00810027	SAMN00810028	SAMN00810029	SAMN00810030	SAMN00810031	SAMN00810032	SAMN00810033	SAMN00810034	SAMN00810035	SAMN00810036	SAMN00810037	SAMN00810038	SAMN00810039	SAMN00810040	SAMN00810041	SAMN00810042	SAMN00810043	SAMN00810044	SAMN00810045	SAMN00810046	SAMN00810047	SAMN00810048	SAMN00810049	SAMN00810050	SAMN00810051	SAMN00810052	SAMN00810053	SAMN00810054	SAMN00810055	SAMN00810056	SAMN00810057	SAMN00810058	SAMN00810059	SAMN00810060	SAMN00810061	SAMN00810062	SAMN00810063	SAMN00810064	SAMN00810065
Disease_s	Control	Control	NAFLD	NAFLD	NAFLD	NAFLD	NAFLD	NAFLD	NAFLD	NAFLD	NAFLD	NAFLD	Control	Control	Control	Control	Control	Control	Control	Control	Control	Control	Control	Control	Control	Control	Control	Control	Control	Control	Control	Control	NAFLD	NAFLD	NAFLD	NAFLD	NAFLD	NAFLD	NAFLD	NAFLD	NAFLD	NAFLD	NAFLD	NAFLD	NAFLD	NAFLD	NAFLD	NAFLD	NAFLD	NAFLD	NAFLD	NAFLD	NAFLD	NAFLD
Experiment_s	SRX128227	SRX128228	SRX128229	SRX128230	SRX128231	SRX128232	SRX128233	SRX128234	SRX128235	SRX128236	SRX128237	SRX128238	SRX128239	SRX128240	SRX128241	SRX128242	SRX128243	SRX128244	SRX128245	SRX128246	SRX128247	SRX128248	SRX128249	SRX128250	SRX128251	SRX128252	SRX128253	SRX128254	SRX128255	SRX128256	SRX128257	SRX128258	SRX128259	SRX128260	SRX128261	SRX128262	SRX128263	SRX128264	SRX128265	SRX128266	SRX128267	SRX128268	SRX128269	SRX128270	SRX128271	SRX128272	SRX128273	SRX128274	SRX128275	SRX128276	SRX128277	SRX128278	SRX128279	SRX128280
Library_Name_s	4C	6C	16F	17F	19F	20F	21F	22F	23F	24F	28F	29F	30C	31C	34C	36C	37C	41C	42C	44C	45C	48C	50C	51C	52C	58C	64C	65C	69C	71C	72C	73C	77F	78F	83F	84F	86F	89F	90F	91F	93F	94F	98F	101F	102F	109F	110F	113F	114F	115F	116F	117F	118F	119F
MBases_l	3	3	4	5	4	4	4	4	3	3	3	3	4	4	3	3	4	3	2	3	4	3	4	2	4	2	5	2	3	4	4	4	5	2	3	3	2	3	3	3	3	2	3	3	3	2	3	3	3	2	4	3	3	4
MBytes_l	8	8	9	11	10	10	10	8	6	6	6	7	10	10	6	7	9	7	6	7	10	8	9	6	9	5	11	6	8	8	8	9	11	6	6	7	4	8	7	7	6	6	7	7	8	5	6	8	7	5	10	7	8	8
Probiotic_treatment_s			no treatment	no treatment	treatment	treatment	treatment	no treatment	no treatment	no treatment	treatment	treatment																					no treatment	no treatment	treatment	treatment	no treatment	treatment	no treatment	treatment	no treatment	no treatment	treatment	no treatment	no treatment	no treatment	treatment	no treatment	treatment	treatment	no treatment	no treatment	treatment	no treatment
Qubit_reading_ng_ml_s	259.0	274.0	85.1	103.0	118.0	140.0	82.1	131.0	151.0	197.0	157.0	163.0	118.0	137.0	218.0	299.0	278.0	239.0	235.0	263.0	96.6	206.0	257.0	350.0	233.0	270.0	129.0	319.0	177.0	323.0	241.0	321.0	203.0	307.0	370.0	281.0	344.0	267.0	332.0	354.0	437.0	366.0	229.0	213.0	263.0	141.0	226.0	187.0	258.0	57.0	214.0	253.0	246.0	112.0
Run_s.1	SRR442165	SRR442166	SRR442167	SRR442168	SRR442169	SRR442170	SRR442171	SRR442172	SRR442173	SRR442174	SRR442175	SRR442176	SRR442177	SRR442178	SRR442179	SRR442180	SRR442181	SRR442182	SRR442183	SRR442184	SRR442185	SRR442186	SRR442187	SRR442188	SRR442189	SRR442190	SRR442191	SRR442192	SRR442193	SRR442194	SRR442195	SRR442196	SRR442197	SRR442198	SRR442199	SRR442200	SRR442201	SRR442202	SRR442203	SRR442204	SRR442205	SRR442206	SRR442207	SRR442208	SRR442209	SRR442210	SRR442211	SRR442212	SRR442213	SRR442214	SRR442215	SRR442216	SRR442217	SRR442218
SRA_Sample_s	SRS299573	SRS299574	SRS299575	SRS299576	SRS299577	SRS299578	SRS299579	SRS299580	SRS299581	SRS299582	SRS299583	SRS299584	SRS299585	SRS299586	SRS299587	SRS299588	SRS299589	SRS299590	SRS299591	SRS299592	SRS299593	SRS299594	SRS299595	SRS299596	SRS299597	SRS299598	SRS299599	SRS299600	SRS299601	SRS299602	SRS299603	SRS299604	SRS299605	SRS299606	SRS299607	SRS299608	SRS299609	SRS299610	SRS299611	SRS299612	SRS299613	SRS299614	SRS299615	SRS299616	SRS299617	SRS299618	SRS299619	SRS299620	SRS299621	SRS299622	SRS299623	SRS299624	SRS299625	SRS299626
Sample_Name_s	4-MID1	6-MID2	16-MID4	17-MID5	19-MID6	20-MID7	21-MID8	22-MID10	23-MID11	24-MID13	28-MID14	29-MID15	30-MID16	31-MID17	34-MID18	36-MID19	37-MID20	41-MID21	42-MID22	44-MID23	45-MID24	48-MID25	50-MID26	51-MID27	52-MID28	58-MID29	64-MID30	65-MID31	69-MID32	71-MID33	72-MID34	73-MID35	77-MID36	78-MID37	83-MID38	84-MID39	86-MID40	89-MID41	90-MID42	91-MID43	93-MID44	94-MID45	98-MID46	101-MID47	102-MID48	109-MID49	110-MID50	113-MID51	114-MID52	115-MID53	116-MID54	117-MID3	118-MID56	119-MID57
Sample_id_s	4C	6C	16F	17F	19F	20F	21F	22F	23F	24F	28F	29F	30C	31C	34C	36C	37C	41C	42C	44C	45C	48C	50C	51C	52C	58C	64C	65C	69C	71C	72C	73C	77F	78F	83F	84F	86F	89F	90F	91F	93F	94F	98F	101F	102F	109F	110F	113F	114F	115F	116F	117F	118F	119F
Status_s	Baseline	Baseline	Baseline	Baseline	Baseline	Baseline	Baseline	Baseline	Baseline	Baseline	Baseline	Baseline	Baseline	Baseline	Baseline	Baseline	Baseline	Baseline	Baseline	Baseline	Baseline	Baseline	Baseline	Baseline	Baseline	Baseline	Baseline	Baseline	Baseline	Baseline	Baseline	Baseline	Baseline	Baseline	Baseline	Baseline	Baseline	Month 6	Baseline	Month 6	Month 6	Month 6	Month 6	Month 6	Month 6	Month 6	Month 6	Month 6	Month 6	Month 6	Month 6	Month 6	Month 6	Month 6
Assay_Type_s	AMPLICON	AMPLICON	AMPLICON	AMPLICON	AMPLICON	AMPLICON	AMPLICON	AMPLICON	AMPLICON	AMPLICON	AMPLICON	AMPLICON	AMPLICON	AMPLICON	AMPLICON	AMPLICON	AMPLICON	AMPLICON	AMPLICON	AMPLICON	AMPLICON	AMPLICON	AMPLICON	AMPLICON	AMPLICON	AMPLICON	AMPLICON	AMPLICON	AMPLICON	AMPLICON	AMPLICON	AMPLICON	AMPLICON	AMPLICON	AMPLICON	AMPLICON	AMPLICON	AMPLICON	AMPLICON	AMPLICON	AMPLICON	AMPLICON	AMPLICON	AMPLICON	AMPLICON	AMPLICON	AMPLICON	AMPLICON	AMPLICON	AMPLICON	AMPLICON	AMPLICON	AMPLICON	AMPLICON
AssemblyName_s	<not provided>	<not provided>	<not provided>	<not provided>	<not provided>	<not provided>	<not provided>	<not provided>	<not provided>	<not provided>	<not provided>	<not provided>	<not provided>	<not provided>	<not provided>	<not provided>	<not provided>	<not provided>	<not provided>	<not provided>	<not provided>	<not provided>	<not provided>	<not provided>	<not provided>	<not provided>	<not provided>	<not provided>	<not provided>	<not provided>	<not provided>	<not provided>	<not provided>	<not provided>	<not provided>	<not provided>	<not provided>	<not provided>	<not provided>	<not provided>	<not provided>	<not provided>	<not provided>	<not provided>	<not provided>	<not provided>	<not provided>	<not provided>	<not provided>	<not provided>	<not provided>	<not provided>	<not provided>	<not provided>
BioProject_s	<not provided>	<not provided>	<not provided>	<not provided>	<not provided>	<not provided>	<not provided>	<not provided>	<not provided>	<not provided>	<not provided>	<not provided>	<not provided>	<not provided>	<not provided>	<not provided>	<not provided>	<not provided>	<not provided>	<not provided>	<not provided>	<not provided>	<not provided>	<not provided>	<not provided>	<not provided>	<not provided>	<not provided>	<not provided>	<not provided>	<not provided>	<not provided>	<not provided>	<not provided>	<not provided>	<not provided>	<not provided>	<not provided>	<not provided>	<not provided>	<not provided>	<not provided>	<not provided>	<not provided>	<not provided>	<not provided>	<not provided>	<not provided>	<not provided>	<not provided>	<not provided>	<not provided>	<not provided>	<not provided>
Center_Name_s	CUHK	CUHK	CUHK	CUHK	CUHK	CUHK	CUHK	CUHK	CUHK	CUHK	CUHK	CUHK	CUHK	CUHK	CUHK	CUHK	CUHK	CUHK	CUHK	CUHK	CUHK	CUHK	CUHK	CUHK	CUHK	CUHK	CUHK	CUHK	CUHK	CUHK	CUHK	CUHK	CUHK	CUHK	CUHK	CUHK	CUHK	CUHK	CUHK	CUHK	CUHK	CUHK	CUHK	CUHK	CUHK	CUHK	CUHK	CUHK	CUHK	CUHK	CUHK	CUHK	CUHK	CUHK
Consent_s	public	public	public	public	public	public	public	public	public	public	public	public	public	public	public	public	public	public	public	public	public	public	public	public	public	public	public	public	public	public	public	public	public	public	public	public	public	public	public	public	public	public	public	public	public	public	public	public	public	public	public	public	public	public
InsertSize_l	0	0	0	0	0	0	0	0	0	0	0	0	0	0	0	0	0	0	0	0	0	0	0	0	0	0	0	0	0	0	0	0	0	0	0	0	0	0	0	0	0	0	0	0	0	0	0	0	0	0	0	0	0	0
LibraryLayout_s	SINGLE	SINGLE	SINGLE	SINGLE	SINGLE	SINGLE	SINGLE	SINGLE	SINGLE	SINGLE	SINGLE	SINGLE	SINGLE	SINGLE	SINGLE	SINGLE	SINGLE	SINGLE	SINGLE	SINGLE	SINGLE	SINGLE	SINGLE	SINGLE	SINGLE	SINGLE	SINGLE	SINGLE	SINGLE	SINGLE	SINGLE	SINGLE	SINGLE	SINGLE	SINGLE	SINGLE	SINGLE	SINGLE	SINGLE	SINGLE	SINGLE	SINGLE	SINGLE	SINGLE	SINGLE	SINGLE	SINGLE	SINGLE	SINGLE	SINGLE	SINGLE	SINGLE	SINGLE	SINGLE
LibrarySelection_s	PCR	PCR	PCR	PCR	PCR	PCR	PCR	PCR	PCR	PCR	PCR	PCR	PCR	PCR	PCR	PCR	PCR	PCR	PCR	PCR	PCR	PCR	PCR	PCR	PCR	PCR	PCR	PCR	PCR	PCR	PCR	PCR	PCR	PCR	PCR	PCR	PCR	PCR	PCR	PCR	PCR	PCR	PCR	PCR	PCR	PCR	PCR	PCR	PCR	PCR	PCR	PCR	PCR	PCR
LibrarySource_s	GENOMIC	GENOMIC	GENOMIC	GENOMIC	GENOMIC	GENOMIC	GENOMIC	GENOMIC	GENOMIC	GENOMIC	GENOMIC	GENOMIC	GENOMIC	GENOMIC	GENOMIC	GENOMIC	GENOMIC	GENOMIC	GENOMIC	GENOMIC	GENOMIC	GENOMIC	GENOMIC	GENOMIC	GENOMIC	GENOMIC	GENOMIC	GENOMIC	GENOMIC	GENOMIC	GENOMIC	GENOMIC	GENOMIC	GENOMIC	GENOMIC	GENOMIC	GENOMIC	GENOMIC	GENOMIC	GENOMIC	GENOMIC	GENOMIC	GENOMIC	GENOMIC	GENOMIC	GENOMIC	GENOMIC	GENOMIC	GENOMIC	GENOMIC	GENOMIC	GENOMIC	GENOMIC	GENOMIC
LoadDate_s	2012-08-11	2012-08-11	2012-08-11	2012-08-11	2012-08-11	2012-08-11	2012-08-11	2012-08-11	2012-08-11	2012-08-11	2012-08-11	2012-08-11	2012-08-11	2012-08-11	2012-08-11	2012-08-11	2012-08-11	2012-08-11	2012-08-11	2012-08-11	2012-08-11	2012-08-11	2012-08-11	2012-08-11	2012-08-11	2012-08-11	2012-08-11	2012-08-11	2012-08-11	2012-08-11	2012-08-11	2012-08-11	2012-08-11	2012-08-11	2012-08-11	2012-08-11	2012-08-11	2012-08-11	2012-08-11	2012-08-11	2012-08-11	2012-08-11	2012-08-11	2012-08-11	2012-08-11	2012-08-11	2012-08-11	2012-08-11	2012-08-11	2012-08-11	2012-08-11	2012-08-11	2012-08-11	2012-08-11
Organism_s	human gut metagenome	human gut metagenome	human gut metagenome	human gut metagenome	human gut metagenome	human gut metagenome	human gut metagenome	human gut metagenome	human gut metagenome	human gut metagenome	human gut metagenome	human gut metagenome	human gut metagenome	human gut metagenome	human gut metagenome	human gut metagenome	human gut metagenome	human gut metagenome	human gut metagenome	human gut metagenome	human gut metagenome	human gut metagenome	human gut metagenome	human gut metagenome	human gut metagenome	human gut metagenome	human gut metagenome	human gut metagenome	human gut metagenome	human gut metagenome	human gut metagenome	human gut metagenome	human gut metagenome	human gut metagenome	human gut metagenome	human gut metagenome	human gut metagenome	human gut metagenome	human gut metagenome	human gut metagenome	human gut metagenome	human gut metagenome	human gut metagenome	human gut metagenome	human gut metagenome	human gut metagenome	human gut metagenome	human gut metagenome	human gut metagenome	human gut metagenome	human gut metagenome	human gut metagenome	human gut metagenome	human gut metagenome
Platform_s	LS454	LS454	LS454	LS454	LS454	LS454	LS454	LS454	LS454	LS454	LS454	LS454	LS454	LS454	LS454	LS454	LS454	LS454	LS454	LS454	LS454	LS454	LS454	LS454	LS454	LS454	LS454	LS454	LS454	LS454	LS454	LS454	LS454	LS454	LS454	LS454	LS454	LS454	LS454	LS454	LS454	LS454	LS454	LS454	LS454	LS454	LS454	LS454	LS454	LS454	LS454	LS454	LS454	LS454
ReleaseDate_s	2012-10-13	2012-10-13	2012-10-13	2012-10-13	2012-10-13	2012-10-13	2012-10-13	2012-10-13	2012-10-13	2012-10-13	2012-10-13	2012-10-13	2012-10-13	2012-10-13	2012-10-13	2012-10-13	2012-10-13	2012-10-13	2012-10-13	2012-10-13	2012-10-13	2012-10-13	2012-10-13	2012-10-13	2012-10-13	2012-10-13	2012-10-13	2012-10-13	2012-10-13	2012-10-13	2012-10-13	2012-10-13	2012-10-13	2012-10-13	2012-10-13	2012-10-13	2012-10-13	2012-10-13	2012-10-13	2012-10-13	2012-10-13	2012-10-13	2012-10-13	2012-10-13	2012-10-13	2012-10-13	2012-10-13	2012-10-13	2012-10-13	2012-10-13	2012-10-13	2012-10-13	2012-10-13	2012-10-13
SRA_Study_s	SRP011160	SRP011160	SRP011160	SRP011160	SRP011160	SRP011160	SRP011160	SRP011160	SRP011160	SRP011160	SRP011160	SRP011160	SRP011160	SRP011160	SRP011160	SRP011160	SRP011160	SRP011160	SRP011160	SRP011160	SRP011160	SRP011160	SRP011160	SRP011160	SRP011160	SRP011160	SRP011160	SRP011160	SRP011160	SRP011160	SRP011160	SRP011160	SRP011160	SRP011160	SRP011160	SRP011160	SRP011160	SRP011160	SRP011160	SRP011160	SRP011160	SRP011160	SRP011160	SRP011160	SRP011160	SRP011160	SRP011160	SRP011160	SRP011160	SRP011160	SRP011160	SRP011160	SRP011160	SRP011160
Specimen_s	Stool	Stool	Stool	Stool	Stool	Stool	Stool	Stool	Stool	Stool	Stool	Stool	Stool	Stool	Stool	Stool	Stool	Stool	Stool	Stool	Stool	Stool	Stool	Stool	Stool	Stool	Stool	Stool	Stool	Stool	Stool	Stool	Stool	Stool	Stool	Stool	Stool	Stool	Stool	Stool	Stool	Stool	Stool	Stool	Stool	Stool	Stool	Stool	Stool	Stool	Stool	Stool	Stool	Stool
g1k_analysis_group_s	<not provided>	<not provided>	<not provided>	<not provided>	<not provided>	<not provided>	<not provided>	<not provided>	<not provided>	<not provided>	<not provided>	<not provided>	<not provided>	<not provided>	<not provided>	<not provided>	<not provided>	<not provided>	<not provided>	<not provided>	<not provided>	<not provided>	<not provided>	<not provided>	<not provided>	<not provided>	<not provided>	<not provided>	<not provided>	<not provided>	<not provided>	<not provided>	<not provided>	<not provided>	<not provided>	<not provided>	<not provided>	<not provided>	<not provided>	<not provided>	<not provided>	<not provided>	<not provided>	<not provided>	<not provided>	<not provided>	<not provided>	<not provided>	<not provided>	<not provided>	<not provided>	<not provided>	<not provided>	<not provided>
g1k_pop_code_s	<not provided>	<not provided>	<not provided>	<not provided>	<not provided>	<not provided>	<not provided>	<not provided>	<not provided>	<not provided>	<not provided>	<not provided>	<not provided>	<not provided>	<not provided>	<not provided>	<not provided>	<not provided>	<not provided>	<not provided>	<not provided>	<not provided>	<not provided>	<not provided>	<not provided>	<not provided>	<not provided>	<not provided>	<not provided>	<not provided>	<not provided>	<not provided>	<not provided>	<not provided>	<not provided>	<not provided>	<not provided>	<not provided>	<not provided>	<not provided>	<not provided>	<not provided>	<not provided>	<not provided>	<not provided>	<not provided>	<not provided>	<not provided>	<not provided>	<not provided>	<not provided>	<not provided>	<not provided>	<not provided>
source_s	<not provided>	<not provided>	<not provided>	<not provided>	<not provided>	<not provided>	<not provided>	<not provided>	<not provided>	<not provided>	<not provided>	<not provided>	<not provided>	<not provided>	<not provided>	<not provided>	<not provided>	<not provided>	<not provided>	<not provided>	<not provided>	<not provided>	<not provided>	<not provided>	<not provided>	<not provided>	<not provided>	<not provided>	<not provided>	<not provided>	<not provided>	<not provided>	<not provided>	<not provided>	<not provided>	<not provided>	<not provided>	<not provided>	<not provided>	<not provided>	<not provided>	<not provided>	<not provided>	<not provided>	<not provided>	<not provided>	<not provided>	<not provided>	<not provided>	<not provided>	<not provided>	<not provided>	<not provided>	<not provided>
Organism	human	human	human	human	human	human	human	human	human	human	human	human	human	human	human	human	human	human	human	human	human	human	human	human	human	human	human	human	human	human	human	human	human	human	human	human	human	human	human	human	human	human	human	human	human	human	human	human	human	human	human	human	human	human
SampleType	stool	stool	stool	stool	stool	stool	stool	stool	stool	stool	stool	stool	stool	stool	stool	stool	stool	stool	stool	stool	stool	stool	stool	stool	stool	stool	stool	stool	stool	stool	stool	stool	stool	stool	stool	stool	stool	stool	stool	stool	stool	stool	stool	stool	stool	stool	stool	stool	stool	stool	stool	stool	stool	stool
Amplicon	v1-v2	v1-v2	v1-v2	v1-v2	v1-v2	v1-v2	v1-v2	v1-v2	v1-v2	v1-v2	v1-v2	v1-v2	v1-v2	v1-v2	v1-v2	v1-v2	v1-v2	v1-v2	v1-v2	v1-v2	v1-v2	v1-v2	v1-v2	v1-v2	v1-v2	v1-v2	v1-v2	v1-v2	v1-v2	v1-v2	v1-v2	v1-v2	v1-v2	v1-v2	v1-v2	v1-v2	v1-v2	v1-v2	v1-v2	v1-v2	v1-v2	v1-v2	v1-v2	v1-v2	v1-v2	v1-v2	v1-v2	v1-v2	v1-v2	v1-v2	v1-v2	v1-v2	v1-v2	v1-v2
study_condition	H	H	NASH	NASH	NASH	NASH	NASH	NASH	NASH	NASH	NASH	NASH	H	H	H	H	H	H	H	H	H	H	H	H	H	H	H	H	H	H	H	H	NASH	NASH	NASH	NASH	NASH	NASH	NASH	NASH	NASH	NASH	NASH	NASH	NASH	NASH	NASH	NASH	NASH	NASH	NASH	NASH	NASH	NASH
Treatment			no treatment	no treatment	treatment	treatment	treatment	no treatment	no treatment	no treatment	treatment	treatment																					no treatment	no treatment	treatment	treatment	no treatment	treatment	no treatment	treatment	no treatment	no treatment	treatment	no treatment	no treatment	no treatment	treatment	no treatment	treatment	treatment	no treatment	no treatment	treatment	no treatment
PatientGeo	China	China	China	China	China	China	China	China	China	China	China	China	China	China	China	China	China	China	China	China	China	China	China	China	China	China	China	China	China	China	China	China	China	China	China	China	China	China	China	China	China	China	China	China	China	China	China	China	China	China	China	China	China	China
Abx	N	N	N	N	N	N	N	N	N	N	N	N	N	N	N	N	N	N	N	N	N	N	N	N	N	N	N	N	N	N	N	N	N	N	N	N	N	N	N	N	N	N	N	N	N	N	N	N	N	N	N	N	N	N
k__Bacteria;p__;c__;o__;f__;g__	0.0	0.0	0.0	0.026719056974459726	0.0	0.0	0.0	0.0	0.0	0.0	0.0	0.0	0.0	0.0	0.0	0.0	0.0	0.0	0.0	0.0	0.0	0.0	0.0	0.0	0.0	0.0	0.0	0.0	0.0	0.0	0.0	0.0	0.0	0.0	0.0	0.0	0.0	0.0	0.0	0.0	0.0	0.0	0.0	0.0	0.0	0.0	0.0	0.0	0.0	0.0	0.0	0.0	0.0	0.0
k__Bacteria;p__Actinobacteria;c__Actinobacteria;o__Bifidobacteriales;f__Bifidobacteriaceae;g__Bifidobacterium	0.0	0.0	0.0	0.0	0.0	0.0	0.0	0.0	0.0	0.0	0.0	0.0	0.0	0.0	0.0	0.0	0.0	0.0	0.0	0.0	0.0	0.0	0.0	0.0	0.0	0.0	0.0	0.0	0.0	0.0	0.01554605518849592	0.0	0.0	0.0	0.0	0.0	0.0	0.0	0.0	0.0	0.0	0.0	0.0	0.0	0.0	0.0	0.0	0.0	0.0	0.0	0.0	0.0	0.0	0.0
k__Bacteria;p__Bacteroidetes;c__Bacteroidia;o__Bacteroidales;f__;g__	0.0	0.0	0.0	0.0	0.0	0.02240717029449424	0.0	0.007513148009015778	0.0	0.004987531172069825	0.0	0.21082854799015585	0.0	0.0	0.0	0.0	0.0	0.0	0.0	0.0	0.0	0.0	0.0	0.0	0.013671875	0.0	0.0	0.02671944581890153	0.0	0.0	0.0	0.0	0.024266365688487584	0.0	0.0	0.0	0.0	0.0	0.0	0.0	0.0	0.0	0.06236559139784946	0.0	0.0	0.0	0.0	0.0	0.0	0.0	0.055834378920953574	0.0	0.17057761732851986	0.0
k__Bacteria;p__Bacteroidetes;c__Bacteroidia;o__Bacteroidales;f__Bacteroidaceae;g__Bacteroides	0.5023017902813299	0.85451197053407	0.7955112219451372	0.6817288801571708	0.7660777385159011	0.2202304737516005	0.8956551488197058	0.30653643876784376	0.7875751503006011	0.9551122194513715	0.9309523809523809	0.7046759639048401	0.8328767123287671	0.6451612903225807	0.6973947895791583	0.6368062317429406	0.8816134101623887	0.8986058301647656	0.0	0.9798624754420431	0.737456242707118	0.8509363295880149	0.8318670576735092	0.8644067796610169	0.8507812499999999	0.7302521008403361	0.5555555555555556	0.917367639782286	0.9630411826821541	0.9999999999999998	0.8118927322191994	0.9814159292035398	0.8352144469525961	0.7463884430176565	0.7176554681915654	0.9733715690290866	0.8594132029339853	0.9089861751152075	0.1663893510815308	0.9244363193174895	0.8035596572181937	0.9760479041916168	0.6913978494623657	0.04404145077720207	0.9417956656346749	0.8874345549738221	0.8983438035408339	0.633587786259542	0.941095418532553	0.7718332022029897	0.8663739021329988	0.7922568460812087	0.7581227436823106	0.13958333333333334
k__Bacteria;p__Bacteroidetes;c__Bacteroidia;o__Bacteroidales;f__Porphyromonadaceae;g__	0.0	0.0	0.0	0.0	0.0	0.0	0.0	0.0	0.0	0.0	0.0	0.0	0.0	0.026113671274961597	0.0	0.0	0.0	0.0	0.0	0.0	0.0	0.0	0.0	0.0	0.0	0.0	0.0	0.0	0.0	0.0	0.0	0.0	0.0	0.0	0.0	0.0	0.0	0.0	0.0	0.0	0.0	0.0	0.0	0.0	0.0	0.0	0.0	0.0	0.0	0.09520062942564908	0.0	0.0	0.0	0.0
k__Bacteria;p__Bacteroidetes;c__Bacteroidia;o__Bacteroidales;f__Porphyromonadaceae;g__Barnesiella	0.0	0.0	0.0	0.0	0.0	0.0	0.0	0.0	0.0	0.0	0.0	0.0	0.0	0.0	0.0	0.0	0.0	0.0	0.0	0.0	0.0	0.0	0.0	0.0	0.0	0.0	0.0	0.0	0.0	0.0	0.0	0.0	0.0	0.008025682182985553	0.0	0.0	0.0	0.0	0.0	0.0	0.0	0.0	0.0	0.0	0.0	0.0	0.0	0.0	0.0	0.0	0.0	0.0	0.0	0.0
k__Bacteria;p__Bacteroidetes;c__Bacteroidia;o__Bacteroidales;f__Porphyromonadaceae;g__Butyricimonas	0.0	0.0	0.0	0.0	0.0	0.0	0.0	0.0	0.0	0.0	0.0	0.0	0.00502283105022831	0.0	0.0	0.0	0.0	0.0	0.0	0.0	0.0	0.0	0.0	0.0	0.0	0.022689075630252103	0.0	0.0	0.0	0.0	0.0	0.0	0.0	0.0	0.0	0.0	0.0	0.0	0.0	0.0	0.0	0.0	0.0	0.0	0.0	0.0	0.0	0.0	0.0	0.0	0.0	0.0	0.0	0.0
k__Bacteria;p__Bacteroidetes;c__Bacteroidia;o__Bacteroidales;f__Porphyromonadaceae;g__Odoribacter	0.005626598465473146	0.0	0.0	0.0	0.0	0.0	0.0	0.0	0.0	0.0	0.0	0.0	0.0	0.03456221198156682	0.0	0.0	0.0	0.0	0.0	0.0	0.0	0.0	0.0	0.0	0.0	0.0	0.0	0.0	0.0	0.0	0.0	0.0	0.0	0.0	0.0	0.0	0.0	0.0	0.0	0.0	0.0	0.0	0.0	0.0	0.0	0.0	0.0	0.0	0.0	0.0	0.0	0.0	0.0	0.0
k__Bacteria;p__Bacteroidetes;c__Bacteroidia;o__Bacteroidales;f__Porphyromonadaceae;g__Parabacteroides	0.005626598465473146	0.10804174340085942	0.0	0.03732809430255402	0.0	0.008322663252240717	0.016763599042080052	0.04207362885048835	0.08617234468937876	0.0344139650872818	0.046031746031746035	0.03773584905660377	0.017351598173515982	0.0314900153609831	0.0	0.004868549172346641	0.006286013619696176	0.0	0.0	0.0054027504911591355	0.008168028004667444	0.0	0.024437927663734114	0.014124293785310734	0.0	0.16974789915966385	0.010175010175010175	0.0	0.029567053854276663	0.0	0.012436844150796735	0.00752212389380531	0.02257336343115124	0.0826645264847512	0.0	0.009012699713232281	0.12836185819070906	0.0	0.0	0.0	0.0	0.0	0.1752688172043011	0.0	0.039628482972136225	0.08987783595113437	0.0	0.05016357688113413	0.026868756458835685	0.0857592446892211	0.006273525721455458	0.012275731822474031	0.0	0.0
k__Bacteria;p__Bacteroidetes;c__Bacteroidia;o__Bacteroidales;f__Prevotellaceae;g__	0.0	0.0	0.0	0.0	0.0	0.0	0.0	0.26972201352366637	0.01002004008016032	0.0	0.0	0.0	0.0	0.0	0.0	0.0	0.0	0.0	0.20118845500848898	0.0	0.0	0.025093632958801498	0.0	0.0	0.0	0.0	0.0	0.0	0.0	0.0	0.0	0.0	0.0	0.0	0.0	0.0	0.0	0.0	0.0	0.0	0.0	0.0	0.0	0.18134715025906736	0.0	0.0	0.008566533409480296	0.0	0.0	0.0	0.0	0.0	0.0	0.0
k__Bacteria;p__Bacteroidetes;c__Bacteroidia;o__Bacteroidales;f__Prevotellaceae;g__Alloprevotella	0.0	0.0	0.0	0.0	0.0	0.0	0.0	0.009767092411720512	0.0501002004008016	0.0	0.0	0.0	0.0	0.0	0.0	0.0	0.0	0.0	0.0	0.0	0.0	0.0	0.0	0.0	0.0	0.0	0.0	0.0	0.0	0.0	0.0	0.0	0.0	0.0	0.0	0.0	0.0	0.0	0.0	0.0	0.0	0.0	0.0	0.025043177892918825	0.0	0.0	0.0	0.0	0.0	0.0	0.0	0.0	0.0	0.04513888888888888
k__Bacteria;p__Bacteroidetes;c__Bacteroidia;o__Bacteroidales;f__Prevotellaceae;g__Hallella	0.0	0.0	0.0	0.0	0.0	0.0	0.0	0.0	0.0	0.0	0.0	0.0	0.0	0.0	0.0	0.0	0.0	0.0	0.0	0.0	0.0	0.02958801498127341	0.0	0.0	0.0	0.0	0.0	0.0	0.0	0.0	0.0	0.0	0.0	0.0	0.0	0.0	0.0	0.0	0.0	0.0	0.0	0.0	0.0	0.0	0.0	0.0	0.0	0.0	0.0	0.0	0.0	0.0	0.0	0.0
k__Bacteria;p__Bacteroidetes;c__Bacteroidia;o__Bacteroidales;f__Prevotellaceae;g__Paraprevotella	0.0	0.0	0.0	0.0	0.0	0.008322663252240717	0.06021211084502223	0.0	0.0	0.0	0.0	0.0	0.0	0.0	0.0	0.0	0.0	0.0	0.0	0.0	0.0	0.036329588014981276	0.0	0.0	0.0	0.0	0.0	0.0	0.0	0.0	0.0	0.0	0.0	0.0	0.0	0.0	0.0	0.0	0.0	0.015843997562461912	0.0	0.0	0.0	0.0	0.0	0.0	0.0	0.0	0.0	0.0	0.0	0.0	0.0	0.0
k__Bacteria;p__Bacteroidetes;c__Bacteroidia;o__Bacteroidales;f__Prevotellaceae;g__Prevotella	0.43734015345268534	0.0	0.0	0.0	0.0	0.70550576184379	0.0	0.23290758827948913	0.0	0.0	0.0	0.0	0.0	0.1390168970814132	0.0	0.0	0.0	0.0	0.7988115449915111	0.0	0.0	0.04719101123595506	0.0	0.0	0.0	0.0	0.0	0.0	0.0	0.0	0.0	0.0	0.0	0.0	0.0	0.0	0.0	0.0	0.8252911813643926	0.0	0.0	0.0	0.0	0.6217616580310882	0.0	0.0	0.09308966304968588	0.0	0.0	0.0	0.0	0.03871576959395656	0.0	0.8152777777777775
k__Bacteria;p__Bacteroidetes;c__Bacteroidia;o__Bacteroidales;f__Rikenellaceae;g__Alistipes	0.011253196930946292	0.008594229588704727	0.0	0.12180746561886052	0.0	0.0	0.005815942524803284	0.0	0.0	0.0	0.0	0.0	0.0	0.0	0.0	0.0	0.0	0.0	0.0	0.0	0.08051341890315053	0.0	0.007820136852394917	0.05508474576271186	0.0	0.06722689075630252	0.014652014652014652	0.0	0.0	0.0	0.0	0.00663716814159292	0.0	0.0	0.0	0.0	0.0	0.0	0.0	0.0	0.0	0.0	0.0	0.0	0.018575851393188854	0.0	0.0	0.0	0.0	0.0	0.0	0.0	0.0	0.0
k__Bacteria;p__Firmicutes;c__;o__;f__;g__	0.0	0.0	0.0	0.0	0.0	0.0	0.0	0.0	0.0	0.0	0.0	0.0	0.0	0.009216589861751152	0.0	0.0	0.0	0.0	0.0	0.0	0.0	0.0	0.0	0.0	0.0	0.0	0.0	0.0	0.0	0.0	0.0	0.0	0.0	0.0	0.0	0.0	0.0	0.0	0.0	0.0	0.0	0.0	0.0	0.0	0.0	0.0	0.0	0.0	0.0	0.0	0.0	0.0	0.0	0.0
k__Bacteria;p__Firmicutes;c__Clostridia;o__;f__;g__	0.0	0.0	0.0	0.0	0.0	0.0	0.0	0.0	0.0	0.0	0.0	0.0	0.0	0.010752688172043012	0.0	0.0	0.0	0.0	0.0	0.0	0.0038895371450797353	0.0	0.0	0.0	0.0	0.0	0.0	0.0	0.0	0.0	0.0	0.0	0.0	0.0	0.0	0.0	0.0	0.0	0.0	0.0	0.0	0.0	0.0	0.0	0.0	0.0	0.0	0.0	0.0	0.0	0.0	0.0	0.0	0.0
k__Bacteria;p__Firmicutes;c__Clostridia;o__Clostridiales;f__;g__	0.0	0.0	0.0	0.0	0.0	0.0	0.0	0.01728024042073629	0.0	0.0	0.0	0.0	0.0	0.02457757296466974	0.0	0.0	0.0	0.0	0.0	0.0	0.0	0.0	0.0	0.0	0.0	0.0	0.04395604395604396	0.0	0.0	0.0	0.0	0.0	0.0	0.0	0.0	0.0	0.0	0.0	0.0	0.0	0.0	0.0	0.0	0.0	0.0	0.0	0.0	0.0	0.0	0.0	0.0	0.0	0.0	0.0
k__Bacteria;p__Firmicutes;c__Clostridia;o__Clostridiales;f__Clostridiaceae_1;g__Clostridium_sensu_stricto	0.0	0.0	0.0	0.0	0.0	0.0	0.0	0.0	0.0	0.0	0.0	0.0	0.0	0.0	0.0	0.0	0.0	0.0	0.0	0.0	0.0	0.0	0.0	0.0	0.0	0.0	0.0	0.0	0.0	0.0	0.0	0.0	0.0	0.0	0.0	0.0	0.0	0.0	0.0	0.0	0.0	0.0	0.0	0.0	0.0	0.0	0.0	0.03053435114503817	0.0	0.0	0.0	0.0	0.0	0.0
k__Bacteria;p__Firmicutes;c__Clostridia;o__Clostridiales;f__Lachnospiraceae;g__	0.0	0.0	0.04168151050944069	0.0	0.17208480565371023	0.0	0.0	0.04132231404958678	0.0	0.0	0.0	0.0	0.0	0.01152073732718894	0.03740814963259853	0.2599805258033106	0.00785751702462022	0.0	0.0	0.0	0.0	0.0	0.0	0.0	0.06015625	0.0	0.11925111925111928	0.01979218208807521	0.0	0.0	0.04391760590750097	0.0	0.0	0.0	0.04145818441744103	0.0	0.0	0.04896313364055299	0.0	0.0	0.0	0.0	0.0	0.0	0.0	0.0	0.0	0.0	0.0	0.0	0.0	0.0	0.021359807460890494	0.0
k__Bacteria;p__Firmicutes;c__Clostridia;o__Clostridiales;f__Lachnospiraceae;g__Blautia	0.0	0.0	0.0	0.0	0.0	0.0	0.0	0.0	0.0	0.0	0.0	0.0	0.0	0.0	0.0	0.004868549172346641	0.0	0.0	0.0	0.0	0.0	0.0	0.0	0.0	0.0	0.0	0.0	0.0	0.0	0.0	0.0	0.0	0.0	0.0	0.0	0.0	0.0	0.0	0.0	0.0	0.0	0.0	0.0	0.0	0.0	0.0	0.0	0.0	0.0	0.0	0.0	0.0	0.0	0.0
k__Bacteria;p__Firmicutes;c__Clostridia;o__Clostridiales;f__Lachnospiraceae;g__Clostridium_XlVb	0.0	0.0	0.0	0.0	0.0	0.0	0.0	0.0	0.0	0.0	0.0	0.0	0.0	0.0	0.0	0.008276533592989289	0.0	0.0	0.0	0.0	0.0	0.0	0.0	0.0	0.0	0.0	0.034595034595034595	0.0	0.0	0.0	0.0	0.0	0.0	0.0	0.0	0.0	0.0	0.0	0.0	0.0	0.0	0.0	0.0	0.0	0.0	0.02268760907504363	0.0	0.0	0.0	0.0	0.0	0.0	0.0	0.0
k__Bacteria;p__Firmicutes;c__Clostridia;o__Clostridiales;f__Lachnospiraceae;g__Howardella	0.0	0.0	0.02030637691485572	0.0	0.0	0.0	0.0	0.0	0.0	0.0	0.0	0.0	0.0	0.0	0.0	0.005355404089581304	0.0	0.0	0.0	0.0	0.0	0.0	0.0	0.0	0.0	0.0	0.0	0.0	0.0	0.0	0.0186552662261951	0.0	0.0	0.0	0.05218012866333095	0.0	0.0	0.0	0.0	0.0	0.0	0.0	0.0	0.0	0.0	0.0	0.0	0.0	0.0	0.0	0.0	0.0	0.0	0.0
k__Bacteria;p__Firmicutes;c__Clostridia;o__Clostridiales;f__Lachnospiraceae;g__Lachnospiracea_incertae_sedis	0.0	0.0	0.013893836836480229	0.044007858546168954	0.0	0.0	0.012658227848101266	0.0	0.0	0.0	0.0	0.0	0.0	0.0	0.0	0.019961051606621226	0.008381351492928235	0.0	0.0	0.0	0.026837806301050177	0.0	0.0	0.0	0.0	0.0	0.05494505494505495	0.007916872835230085	0.0	0.0	0.0	0.0	0.0	0.0	0.0	0.0	0.0	0.0	0.0	0.0	0.0	0.0	0.0	0.0	0.0	0.0	0.0	0.0	0.0	0.0	0.0	0.0	0.0	0.0
k__Bacteria;p__Firmicutes;c__Clostridia;o__Clostridiales;f__Lachnospiraceae;g__Roseburia	0.0	0.0	0.0	0.03418467583497053	0.01519434628975265	0.0	0.0	0.0	0.0	0.0	0.0	0.0	0.0	0.0	0.0	0.044790652385589096	0.0	0.0	0.0	0.0	0.0	0.0	0.005376344086021506	0.0	0.0	0.010084033613445379	0.018315018315018316	0.0	0.0	0.0	0.0	0.0	0.0	0.0	0.0	0.0	0.0	0.0	0.0	0.0	0.0	0.011976047904191617	0.0	0.0	0.0	0.0	0.0	0.0	0.0	0.0	0.006900878293601004	0.0	0.0	0.0
k__Bacteria;p__Firmicutes;c__Clostridia;o__Clostridiales;f__Lachnospiraceae;g__Ruminococcus2	0.0	0.0	0.0	0.0	0.0	0.0	0.0	0.0	0.0	0.0	0.0	0.0	0.0	0.0	0.0	0.0	0.0	0.0	0.0	0.0	0.0066122131466355505	0.0	0.004887585532746823	0.0	0.0	0.0	0.0	0.0	0.0	0.0	0.0	0.0	0.0	0.0	0.0	0.0	0.0	0.0	0.0	0.0	0.0	0.0	0.0	0.0	0.0	0.0	0.0	0.0	0.0	0.0	0.0	0.0	0.0	0.0
k__Bacteria;p__Firmicutes;c__Clostridia;o__Clostridiales;f__Ruminococcaceae;g__	0.0	0.0	0.0	0.0	0.0	0.0	0.0	0.0	0.03607214428857715	0.0	0.0	0.0	0.0	0.05990783410138249	0.0	0.0	0.022524882137244632	0.0	0.0	0.0	0.03889537145079736	0.0	0.0	0.0	0.0	0.0	0.0	0.0	0.0	0.0	0.0	0.0	0.0	0.009630818619582664	0.0	0.0	0.0	0.0	0.0	0.0	0.0	0.0	0.0	0.0	0.0	0.0	0.0	0.0	0.0	0.0	0.0	0.0	0.0	0.0
k__Bacteria;p__Firmicutes;c__Clostridia;o__Clostridiales;f__Ruminococcaceae;g__Faecalibacterium	0.008184143222506393	0.0	0.0	0.0	0.04275618374558304	0.0	0.0	0.0	0.0	0.0	0.0	0.0	0.005936073059360731	0.0	0.23179692718770878	0.0	0.028810895756940808	0.0	0.0	0.0	0.04706339945546479	0.0	0.12561094819159335	0.06638418079096045	0.033203125	0.0	0.014652014652014652	0.0	0.0	0.0	0.09755149630781189	0.0	0.0	0.0	0.0	0.0	0.0	0.0	0.0	0.0	0.0	0.0	0.059139784946236555	0.0	0.0	0.0	0.0	0.0	0.0	0.0	0.0	0.0	0.0	0.0
k__Bacteria;p__Firmicutes;c__Clostridia;o__Clostridiales;f__Ruminococcaceae;g__Oscillibacter	0.0	0.0	0.0	0.0	0.0	0.0	0.0	0.0	0.01603206412825651	0.0	0.0	0.0	0.0	0.0	0.0	0.0	0.0	0.0	0.0	0.0	0.030727343446129908	0.0	0.0	0.0	0.0	0.0	0.0	0.0	0.0	0.0	0.0	0.0	0.0	0.0	0.0	0.0	0.0	0.0	0.0	0.0	0.0	0.0	0.0	0.0	0.0	0.0	0.0	0.0	0.0	0.0	0.0	0.0	0.0	0.0
k__Bacteria;p__Firmicutes;c__Clostridia;o__Clostridiales;f__Ruminococcaceae;g__Pseudoflavonifractor	0.0	0.0	0.0	0.0	0.0	0.0	0.0	0.0	0.014028056112224449	0.0	0.0	0.0	0.0	0.0	0.0	0.0	0.0	0.0	0.0	0.0	0.0	0.0	0.0	0.0	0.0	0.0	0.0	0.0	0.0	0.0	0.0	0.0	0.0	0.0	0.0	0.0	0.0	0.0	0.0	0.0	0.0	0.0	0.0	0.0	0.0	0.0	0.0	0.0	0.0	0.0	0.0	0.0	0.0	0.0
k__Bacteria;p__Firmicutes;c__Clostridia;o__Clostridiales;f__Ruminococcaceae;g__Ruminococcus	0.0	0.0	0.0	0.0	0.0	0.0	0.0	0.0	0.0	0.0	0.0	0.0	0.0	0.007680491551459293	0.0	0.0	0.0	0.0	0.0	0.0	0.0	0.0	0.0	0.0	0.0	0.0	0.0	0.0	0.0	0.0	0.0	0.0	0.0	0.0	0.0	0.0	0.0	0.0	0.0	0.0	0.0	0.0	0.0	0.0	0.0	0.0	0.0	0.0	0.0	0.0	0.0	0.0	0.0	0.0
k__Bacteria;p__Firmicutes;c__Clostridia;o__Clostridiales;f__Ruminococcaceae;g__Subdoligranulum	0.0	0.0	0.0	0.0	0.0	0.0	0.0	0.0	0.0	0.0	0.0	0.0	0.0	0.0	0.0	0.0	0.0	0.0	0.0	0.0	0.0	0.0	0.0	0.0	0.0	0.0	0.005698005698005698	0.0	0.0	0.0	0.0	0.0	0.0	0.0	0.0	0.0	0.0	0.0	0.0	0.0	0.0	0.0	0.0	0.0	0.0	0.0	0.0	0.0	0.0	0.0	0.0	0.0	0.0	0.0
k__Bacteria;p__Firmicutes;c__Negativicutes;o__Selenomonadales;f__;g__	0.0	0.0	0.0	0.0	0.0	0.0	0.0	0.0	0.0	0.0	0.0	0.0	0.0	0.0	0.0	0.0	0.0	0.0	0.0	0.0	0.0066122131466355505	0.0	0.0	0.0	0.0	0.0	0.0	0.0	0.0	0.0	0.0	0.0	0.0	0.0	0.0	0.0	0.0	0.0	0.0	0.0	0.0	0.0	0.011827956989247311	0.0	0.0	0.0	0.0	0.0	0.0	0.0	0.0	0.0	0.0	0.0
k__Bacteria;p__Firmicutes;c__Negativicutes;o__Selenomonadales;f__Acidaminococcaceae;g__	0.0	0.0	0.0	0.0	0.0	0.0	0.0	0.0	0.0	0.0	0.0	0.0	0.0	0.0	0.0	0.0	0.0	0.0	0.0	0.0	0.0038895371450797353	0.0	0.0	0.0	0.0	0.0	0.0	0.0	0.0	0.0	0.0	0.0	0.0	0.0	0.0	0.0	0.0	0.0	0.0	0.0	0.0	0.0	0.0	0.0	0.0	0.0	0.0	0.0	0.0	0.0	0.0	0.0	0.0	0.0
k__Bacteria;p__Firmicutes;c__Negativicutes;o__Selenomonadales;f__Acidaminococcaceae;g__Acidaminococcus	0.0	0.020871700429711478	0.0	0.011787819253438114	0.0	0.0	0.0	0.0	0.0	0.0	0.0	0.0	0.0	0.0	0.0	0.0	0.0	0.03506548373468526	0.0	0.0	0.0	0.010861423220973783	0.0	0.0	0.0	0.0	0.0	0.0	0.0	0.0	0.0	0.0	0.0	0.0	0.0	0.0	0.0	0.0	0.0	0.0	0.0	0.0	0.0	0.0	0.0	0.0	0.0	0.0	0.0	0.0	0.0	0.0	0.0	0.0
k__Bacteria;p__Firmicutes;c__Negativicutes;o__Selenomonadales;f__Acidaminococcaceae;g__Phascolarctobacterium	0.02966751918158568	0.0	0.004631278945493409	0.009037328094302554	0.0	0.0	0.0	0.0	0.0	0.005486284289276808	0.0	0.03773584905660378	0.0	0.0	0.0	0.0	0.0	0.0	0.0	0.014734774066797643	0.0	0.0	0.0	0.0	0.0	0.0	0.0	0.0	0.007391763463569166	0.0	0.0	0.004424778761061947	0.0	0.011235955056179775	0.0	0.0	0.0	0.0	0.0	0.0	0.0	0.011976047904191617	0.0	0.0	0.0	0.0	0.0	0.0	0.0	0.04720692368214005	0.0	0.0	0.0	0.0
k__Bacteria;p__Firmicutes;c__Negativicutes;o__Selenomonadales;f__Veillonellaceae;g__	0.0	0.0	0.0	0.0	0.0	0.0	0.0	0.0	0.0	0.0	0.0	0.0	0.0	0.0	0.0	0.0	0.0	0.004647232784114913	0.0	0.0	0.0	0.0	0.0	0.0	0.0	0.0	0.0	0.0	0.0	0.0	0.0	0.0	0.0	0.0	0.0	0.0	0.0	0.0	0.0	0.0	0.0	0.0	0.0	0.0	0.0	0.0	0.0	0.0	0.0	0.0	0.0	0.0	0.0	0.0
k__Bacteria;p__Firmicutes;c__Negativicutes;o__Selenomonadales;f__Veillonellaceae;g__Dialister	0.0	0.0	0.0	0.0	0.0	0.0	0.0	0.03606311044327573	0.0	0.0	0.0	0.0	0.0	0.0	0.0	0.0	0.0	0.0	0.0	0.0	0.0	0.0	0.0	0.0	0.0	0.0	0.0	0.0	0.0	0.0	0.0	0.0	0.0	0.0	0.0	0.0	0.0	0.0	0.008319467554076539	0.0	0.0	0.0	0.0	0.0	0.0	0.0	0.0	0.0	0.0	0.0	0.0	0.0	0.0	0.0
k__Bacteria;p__Firmicutes;c__Negativicutes;o__Selenomonadales;f__Veillonellaceae;g__Megamonas	0.0	0.0	0.0	0.0	0.0	0.0	0.008894970920287376	0.0	0.0	0.0	0.0	0.0	0.0	0.0	0.02070808283233133	0.0	0.0	0.0	0.0	0.0	0.0	0.0	0.0	0.0	0.0421875	0.0	0.0	0.0	0.0	0.0	0.0	0.0	0.01636568848758465	0.0	0.0	0.0	0.0	0.0069124423963133645	0.0	0.05971968312004875	0.0	0.0	0.0	0.0	0.0	0.0	0.0	0.0	0.0	0.0	0.05771643663739021	0.14730878186968838	0.04993983152827918	0.0
k__Bacteria;p__Firmicutes;c__Negativicutes;o__Selenomonadales;f__Veillonellaceae;g__Megasphaera	0.0	0.00798035604665439	0.0	0.0	0.0	0.0	0.0	0.0	0.0	0.0	0.023015873015873017	0.0	0.0	0.0	0.0	0.0	0.0	0.010984368398817067	0.0	0.0	0.0	0.0	0.0	0.0	0.0	0.0	0.0	0.0	0.0	0.0	0.0	0.0	0.0	0.0	0.0	0.0	0.0	0.0	0.0	0.0	0.0	0.0	0.0	0.0	0.0	0.0	0.0	0.0	0.0	0.0	0.006900878293601004	0.0	0.0	0.0
k__Bacteria;p__Firmicutes;c__Negativicutes;o__Selenomonadales;f__Veillonellaceae;g__Mitsuokella	0.0	0.0	0.0	0.0	0.0	0.0352112676056338	0.0	0.0	0.0	0.0	0.0	0.0	0.0	0.0	0.0	0.0	0.0	0.0	0.0	0.0	0.0	0.0	0.0	0.0	0.0	0.0	0.0	0.0	0.0	0.0	0.0	0.0	0.0	0.0	0.0	0.0	0.0	0.0	0.0	0.0	0.0	0.0	0.0	0.0	0.0	0.0	0.0	0.0	0.0	0.0	0.0	0.0	0.0	0.0
k__Bacteria;p__Fusobacteria;c__Fusobacteriia;o__Fusobacteriales;f__Fusobacteriaceae;g__Clostridium_XIX	0.0	0.0	0.0	0.0	0.0038869257950530037	0.0	0.0	0.0	0.0	0.0	0.0	0.0	0.0	0.0	0.0	0.0	0.0	0.0	0.0	0.0	0.0	0.0	0.0	0.0	0.0	0.0	0.0	0.0	0.0	0.0	0.0	0.0	0.0	0.0	0.1887062187276626	0.0	0.0	0.03513824884792627	0.0	0.0	0.0	0.0	0.0	0.0	0.0	0.0	0.0	0.0	0.0	0.0	0.0	0.0	0.0	0.0
k__Bacteria;p__Fusobacteria;c__Fusobacteriia;o__Fusobacteriales;f__Fusobacteriaceae;g__Fusobacterium	0.0	0.0	0.0	0.0	0.0	0.0	0.0	0.0	0.0	0.0	0.0	0.0	0.0	0.0	0.0	0.0	0.0	0.0	0.0	0.0	0.0	0.0	0.0	0.0	0.0	0.0	0.1282051282051282	0.0	0.0	0.0	0.0	0.0	0.08972911963882618	0.0	0.0	0.017615731257681278	0.0	0.0	0.0	0.0	0.0	0.0	0.0	0.0	0.0	0.0	0.0	0.0	0.03203582500861178	0.0	0.0	0.0	0.0	0.0
k__Bacteria;p__Proteobacteria;c__Betaproteobacteria;o__Burkholderiales;f__Sutterellaceae;g__Parasutterella	0.0	0.0	0.0	0.0	0.0	0.0	0.0	0.0	0.0	0.0	0.0	0.009023789991796555	0.0	0.0	0.0	0.0	0.0	0.0	0.0	0.0	0.0	0.0	0.0	0.0	0.0	0.0	0.0	0.0	0.0	0.0	0.0	0.0	0.0	0.0	0.0	0.0	0.0	0.0	0.0	0.0	0.0	0.0	0.0	0.0	0.0	0.0	0.0	0.0	0.0	0.0	0.0	0.0	0.0	0.0
k__Bacteria;p__Proteobacteria;c__Betaproteobacteria;o__Burkholderiales;f__Sutterellaceae;g__Sutterella	0.0	0.0	0.0	0.0	0.0	0.0	0.0	0.0	0.0	0.0	0.0	0.0	0.0	0.0	0.012692050768203072	0.0	0.0	0.0	0.0	0.0	0.0	0.0	0.0	0.0	0.0	0.0	0.0	0.0	0.0	0.0	0.0	0.0	0.0	0.0	0.0	0.0	0.0	0.0	0.0	0.0	0.0	0.0	0.0	0.0	0.0	0.0	0.0	0.0	0.0	0.0	0.0	0.0	0.0	0.0
k__Bacteria;p__Proteobacteria;c__Gammaproteobacteria;o__Aeromonadales;f__Succinivibrionaceae;g__	0.0	0.0	0.0	0.0	0.0	0.0	0.0	0.0	0.0	0.0	0.0	0.0	0.0	0.0	0.0	0.0	0.0	0.0	0.0	0.0	0.0	0.0	0.0	0.0	0.0	0.0	0.0	0.0	0.0	0.0	0.0	0.0	0.0	0.0	0.0	0.0	0.0	0.0	0.0	0.0	0.0	0.0	0.0	0.08031088082901555	0.0	0.0	0.0	0.0	0.0	0.0	0.0	0.009442870632672332	0.0	0.0
k__Bacteria;p__Proteobacteria;c__Gammaproteobacteria;o__Aeromonadales;f__Succinivibrionaceae;g__Succinivibrio	0.0	0.0	0.0	0.0	0.0	0.0	0.0	0.0	0.0	0.0	0.0	0.0	0.0	0.0	0.0	0.0	0.0	0.0	0.0	0.0	0.0	0.0	0.0	0.0	0.0	0.0	0.0	0.0	0.0	0.0	0.0	0.0	0.0	0.0	0.0	0.0	0.0	0.0	0.0	0.0	0.0	0.0	0.0	0.047495682210708115	0.0	0.0	0.0	0.0	0.0	0.0	0.0	0.0	0.0	0.0
k__Bacteria;p__Proteobacteria;c__Gammaproteobacteria;o__Enterobacteriales;f__Enterobacteriaceae;g__	0.0	0.0	0.0	0.0	0.0	0.0	0.0	0.0	0.0	0.0	0.0	0.0	0.0	0.0	0.0	0.0	0.0	0.0	0.0	0.0	0.0	0.0	0.0	0.0	0.0	0.0	0.0	0.0	0.0	0.0	0.0	0.0	0.0	0.0	0.0	0.0	0.0	0.0	0.0	0.0	0.00988793671720501	0.0	0.0	0.0	0.0	0.0	0.0	0.03653217011995638	0.0	0.0	0.0	0.0	0.0	0.0
k__Bacteria;p__Proteobacteria;c__Gammaproteobacteria;o__Enterobacteriales;f__Enterobacteriaceae;g__Escherichia/Shigella	0.0	0.0	0.1239757748485928	0.03339882121807465	0.0	0.0	0.0	0.03681442524417731	0.0	0.0	0.0	0.0	0.13881278538812786	0.0	0.0	0.0	0.0	0.050697084917617236	0.0	0.0	0.009334889148191364	0.0	0.0	0.0	0.0	0.0	0.0	0.028203859475507173	0.0	0.0	0.0	0.0	0.011851015801354402	0.14205457463884433	0.0	0.0	0.012224938875305624	0.0	0.0	0.0	0.17468688200395519	0.0	0.0	0.0	0.0	0.0	0.0	0.24918211559432932	0.0	0.0	0.0	0.0	0.0	0.0
k__Bacteria;p__Proteobacteria;c__Gammaproteobacteria;o__Enterobacteriales;f__Enterobacteriaceae;g__Kosakonia	0.0	0.0	0.0	0.0	0.0	0.0	0.0	0.0	0.0	0.0	0.0	0.0	0.0	0.0	0.0	0.0	0.0	0.0	0.0	0.0	0.0	0.0	0.0	0.0	0.0	0.0	0.0	0.0	0.0	0.0	0.0	0.0	0.0	0.0	0.0	0.0	0.0	0.0	0.0	0.0	0.011865524060646011	0.0	0.0	0.0	0.0	0.0	0.0	0.0	0.0	0.0	0.0	0.0	0.0	0.0
k__Bacteria;p__Proteobacteria;c__Gammaproteobacteria;o__Pasteurellales;f__Pasteurellaceae;g__Haemophilus	0.0	0.0	0.0	0.0	0.0	0.0	0.0	0.0	0.0	0.0	0.0	0.0	0.0	0.0	0.0	0.015092502434274586	0.0	0.0	0.0	0.0	0.0	0.0	0.0	0.0	0.0	0.0	0.0	0.0	0.0	0.0	0.0	0.0	0.0	0.0	0.0	0.0	0.0	0.0	0.0	0.0	0.0	0.0	0.0	0.0	0.0	0.0	0.0	0.0	0.0	0.0	0.0	0.0	0.0	0.0
k__Bacteria;p__Verrucomicrobia;c__Verrucomicrobiae;o__Verrucomicrobiales;f__Verrucomicrobiaceae;g__Akkermansia	0.0	0.0	0.0	0.0	0.0	0.0	0.0	0.0	0.0	0.0	0.0	0.0	0.0	0.0	0.0	0.0	0.04452592980618125	0.0	0.0	0.0	0.0	0.0	0.0	0.0	0.0	0.0	0.0	0.0	0.0	0.0	0.0	0.0	0.0	0.0	0.0	0.0	0.0	0.0	0.0	0.0	0.0	0.0	0.0	0.0	0.0	0.0	0.0	0.0	0.0	0.0	0.0	0.0	0.0	0.0
